{
  "id": 97,
  "network": "Custom",
  "deployments": {
    "0xc6AC5B44Bd5d9a201358ac49Da120fDA4743309B": {
      "date": "2022-12-20T09:51:49.061Z",
      "contractName": "RebaseBadge",
      "fork": "london",
      "implementationAddress": "0xe697419F9A8Ade3C511489bbb5Dec3ee57822b47",
      "layout": {
        "storage": [
          {
            "astId": 804,
            "contract": "contracts/1_Badge.sol:RebaseBadge",
            "label": "_initialized",
            "offset": 0,
            "slot": "0",
            "type": "t_uint8"
          },
          {
            "astId": 807,
            "contract": "contracts/1_Badge.sol:RebaseBadge",
            "label": "_initializing",
            "offset": 1,
            "slot": "0",
            "type": "t_bool"
          },
          {
            "astId": 2939,
            "contract": "contracts/1_Badge.sol:RebaseBadge",
            "label": "__gap",
            "offset": 0,
            "slot": "1",
            "type": "t_array(t_uint256)50_storage"
          },
          {
            "astId": 3218,
            "contract": "contracts/1_Badge.sol:RebaseBadge",
            "label": "__gap",
            "offset": 0,
            "slot": "51",
            "type": "t_array(t_uint256)50_storage"
          },
          {
            "astId": 39,
            "contract": "contracts/1_Badge.sol:RebaseBadge",
            "label": "_roles",
            "offset": 0,
            "slot": "101",
            "type": "t_mapping(t_bytes32,t_struct(RoleData)34_storage)"
          },
          {
            "astId": 334,
            "contract": "contracts/1_Badge.sol:RebaseBadge",
            "label": "__gap",
            "offset": 0,
            "slot": "102",
            "type": "t_array(t_uint256)49_storage"
          },
          {
            "astId": 1131,
            "contract": "contracts/1_Badge.sol:RebaseBadge",
            "label": "_balances",
            "offset": 0,
            "slot": "151",
            "type": "t_mapping(t_uint256,t_mapping(t_address,t_uint256))"
          },
          {
            "astId": 1137,
            "contract": "contracts/1_Badge.sol:RebaseBadge",
            "label": "_operatorApprovals",
            "offset": 0,
            "slot": "152",
            "type": "t_mapping(t_address,t_mapping(t_address,t_bool))"
          },
          {
            "astId": 1139,
            "contract": "contracts/1_Badge.sol:RebaseBadge",
            "label": "_uri",
            "offset": 0,
            "slot": "153",
            "type": "t_string_storage"
          },
          {
            "astId": 2346,
            "contract": "contracts/1_Badge.sol:RebaseBadge",
            "label": "__gap",
            "offset": 0,
            "slot": "154",
            "type": "t_array(t_uint256)47_storage"
          },
          {
            "astId": 2598,
            "contract": "contracts/1_Badge.sol:RebaseBadge",
            "label": "__gap",
            "offset": 0,
            "slot": "201",
            "type": "t_array(t_uint256)50_storage"
          },
          {
            "astId": 786,
            "contract": "contracts/1_Badge.sol:RebaseBadge",
            "label": "__gap",
            "offset": 0,
            "slot": "251",
            "type": "t_array(t_uint256)50_storage"
          },
          {
            "astId": 1101,
            "contract": "contracts/1_Badge.sol:RebaseBadge",
            "label": "__gap",
            "offset": 0,
            "slot": "301",
            "type": "t_array(t_uint256)50_storage"
          },
          {
            "astId": 4119,
            "contract": "contracts/1_Badge.sol:RebaseBadge",
            "label": "baseURI",
            "offset": 0,
            "slot": "351",
            "type": "t_string_storage"
          },
          {
            "astId": 4123,
            "contract": "contracts/1_Badge.sol:RebaseBadge",
            "label": "tokenURIs",
            "offset": 0,
            "slot": "352",
            "type": "t_mapping(t_uint256,t_string_storage)"
          },
          {
            "astId": 4125,
            "contract": "contracts/1_Badge.sol:RebaseBadge",
            "label": "name",
            "offset": 0,
            "slot": "353",
            "type": "t_string_storage"
          }
        ],
        "types": {
          "t_address": {
            "encoding": "inplace",
            "label": "address",
            "numberOfBytes": "20"
          },
          "t_array(t_uint256)47_storage": {
            "base": "t_uint256",
            "encoding": "inplace",
            "label": "uint256[47]",
            "numberOfBytes": "1504"
          },
          "t_array(t_uint256)49_storage": {
            "base": "t_uint256",
            "encoding": "inplace",
            "label": "uint256[49]",
            "numberOfBytes": "1568"
          },
          "t_array(t_uint256)50_storage": {
            "base": "t_uint256",
            "encoding": "inplace",
            "label": "uint256[50]",
            "numberOfBytes": "1600"
          },
          "t_bool": {
            "encoding": "inplace",
            "label": "bool",
            "numberOfBytes": "1"
          },
          "t_bytes32": {
            "encoding": "inplace",
            "label": "bytes32",
            "numberOfBytes": "32"
          },
          "t_mapping(t_address,t_bool)": {
            "encoding": "mapping",
            "key": "t_address",
            "label": "mapping(address => bool)",
            "numberOfBytes": "32",
            "value": "t_bool"
          },
          "t_mapping(t_address,t_mapping(t_address,t_bool))": {
            "encoding": "mapping",
            "key": "t_address",
            "label": "mapping(address => mapping(address => bool))",
            "numberOfBytes": "32",
            "value": "t_mapping(t_address,t_bool)"
          },
          "t_mapping(t_address,t_uint256)": {
            "encoding": "mapping",
            "key": "t_address",
            "label": "mapping(address => uint256)",
            "numberOfBytes": "32",
            "value": "t_uint256"
          },
          "t_mapping(t_bytes32,t_struct(RoleData)34_storage)": {
            "encoding": "mapping",
            "key": "t_bytes32",
            "label": "mapping(bytes32 => struct AccessControlUpgradeable.RoleData)",
            "numberOfBytes": "32",
            "value": "t_struct(RoleData)34_storage"
          },
          "t_mapping(t_uint256,t_mapping(t_address,t_uint256))": {
            "encoding": "mapping",
            "key": "t_uint256",
            "label": "mapping(uint256 => mapping(address => uint256))",
            "numberOfBytes": "32",
            "value": "t_mapping(t_address,t_uint256)"
          },
          "t_mapping(t_uint256,t_string_storage)": {
            "encoding": "mapping",
            "key": "t_uint256",
            "label": "mapping(uint256 => string)",
            "numberOfBytes": "32",
            "value": "t_string_storage"
          },
          "t_string_storage": {
            "encoding": "bytes",
            "label": "string",
            "numberOfBytes": "32"
          },
          "t_struct(RoleData)34_storage": {
            "encoding": "inplace",
            "label": "struct AccessControlUpgradeable.RoleData",
            "members": [
              {
                "astId": 31,
                "contract": "contracts/1_Badge.sol:RebaseBadge",
                "label": "members",
                "offset": 0,
                "slot": "0",
                "type": "t_mapping(t_address,t_bool)"
              },
              {
                "astId": 33,
                "contract": "contracts/1_Badge.sol:RebaseBadge",
                "label": "adminRole",
                "offset": 0,
                "slot": "1",
                "type": "t_bytes32"
              }
            ],
            "numberOfBytes": "64"
          },
          "t_uint256": {
            "encoding": "inplace",
            "label": "uint256",
            "numberOfBytes": "32"
          },
          "t_uint8": {
            "encoding": "inplace",
            "label": "uint8",
            "numberOfBytes": "1"
          }
        }
      }
    }
  }
}